{"btnPan":{"width":7.48581855076732,"height":3.969946699302925,"x":133.786978,"y":183.97845},"btnSendA":{"width":7.48581855076732,"height":3.969946699302925,"x":151.653368,"y":183.97845},"btnSendB":{"width":7.48581855076732,"height":3.969946699302925,"x":169.363918,"y":183.97845},"btnSendC":{"width":7.48581855076732,"height":3.969946699302925,"x":186.786728,"y":183.97845},"btnShift":{"width":7.119425185695535,"height":3.55557216163346,"x":133.48712799999998,"y":207.09016000000003},"btnArrowLeft":{"width":4.33367702611382,"height":12.4540088731096,"x":143.112348,"y":193.583574},"btnArrowUp":{"width":8.60790498653772,"height":6.405060672360411,"x":147.386788,"y":193.583574},"btnArrowDown":{"width":8.611619417258526,"height":6.0399645751231095,"x":147.386788,"y":199.99791500000003},"btnArrowRight":{"width":4.269816096426685,"height":12.44367319505065,"x":156.01847800000002,"y":193.583574},"btnNudgeMin":{"width":7.119425185695535,"height":3.555572249009215,"x":171.592648,"y":207.09016000000003},"btnNudgePlus":{"width":7.119425185695535,"height":3.555572249009215,"x":184.963818,"y":207.09016000000003},"btnClipTrack":{"width":7.48581855076732,"height":3.969946699302925,"x":133.636098,"y":251.4117},"btnDeviceOnOff":{"width":7.48581855076732,"height":3.969946699302925,"x":151.502488,"y":251.4117},"btnSmallLeftArrow":{"width":7.48581855076732,"height":3.969946699302925,"x":169.213038,"y":251.4117},"btnSmallRightArrow":{"width":7.48581855076732,"height":3.969946699302925,"x":186.635848,"y":251.4117},"btnDetailView":{"width":7.48581855076732,"height":3.969946699302925,"x":133.636088,"y":261.21515999999997},"btnRecQua":{"width":7.48581855076732,"height":3.969946699302925,"x":151.502478,"y":261.21515999999997},"btnMidiOver":{"width":7.48581855076732,"height":3.969946699302925,"x":169.213028,"y":261.21515999999997},"btnMetronome":{"width":7.48581855076732,"height":3.969946699302925,"x":186.635838,"y":261.21515999999997},"btnTapTempo":{"width":7.625677688892885,"height":5.62476669571428,"x":177.894958,"y":196.08706800000004},"btnPlay":{"width":7.625677688892885,"height":5.62476669571428,"x":143.967588,"y":271.56946000000005},"btnStop":{"width":7.625677688892885,"height":5.62476669571428,"x":159.091538,"y":271.56946000000005},"btnRec":{"width":7.625677688892885,"height":5.62476669571428,"x":174.406488,"y":271.56946000000005}}