{
  "grid1": {
    "width": 8.7375755,
    "height": 8.7375755,
    "x": 14.386718,
    "y": 151.14133
  },
  "grid9": {
    "width": 8.7375755,
    "height": 8.7375755,
    "x": 14.386718,
    "y": 162.22191
  },
  "grid17": {
    "width": 8.7375755,
    "height": 8.7375755,
    "x": 14.386718,
    "y": 173.737163
  },
  "grid25": {
    "width": 8.7375755,
    "height": 8.7375755,
    "x": 14.386718,
    "y": 185.06342700000002
  },
  "grid33": {
    "width": 8.7375755,
    "height": 8.7375755,
    "x": 14.386718,
    "y": 196.238501
  },
  "stopclip1": {
    "width": 8.7375755,
    "height": 8.7375755,
    "x": 14.386718,
    "y": 208.953831
  },
  "grid2": {
    "width": 8.7375755,
    "height": 8.7375755,
    "x": 26.596716999999998,
    "y": 151.14133
  },
  "grid10": {
    "width": 8.7375755,
    "height": 8.7375755,
    "x": 26.596716999999998,
    "y": 162.22191
  },
  "grid18": {
    "width": 8.7375755,
    "height": 8.7375755,
    "x": 26.529899999999998,
    "y": 173.737163
  },
  "grid26": {
    "width": 8.7375755,
    "height": 8.7375755,
    "x": 26.596716999999998,
    "y": 185.06342700000002
  },
  "grid34": {
    "width": 8.7375755,
    "height": 8.7375755,
    "x": 26.596716999999998,
    "y": 196.238501
  },
  "stopclip2": {
    "width": 8.7375755,
    "height": 8.7375755,
    "x": 26.596716999999998,
    "y": 208.953831
  },
  "grid3": {
    "width": 8.7375755,
    "height": 8.7375755,
    "x": 38.806715,
    "y": 151.14133
  },
  "grid11": {
    "width": 8.7375755,
    "height": 8.7375755,
    "x": 38.806715,
    "y": 162.22191
  },
  "grid19": {
    "width": 8.7375755,
    "height": 8.7375755,
    "x": 38.806715,
    "y": 173.737163
  },
  "grid27": {
    "width": 8.7375755,
    "height": 8.7375755,
    "x": 38.806715,
    "y": 185.06342700000002
  },
  "grid35": {
    "width": 8.7375755,
    "height": 8.7375755,
    "x": 38.806715,
    "y": 196.238501
  },
  "stopclip3": {
    "width": 8.7375755,
    "height": 8.7375755,
    "x": 38.806715,
    "y": 208.953831
  },
  "grid4": {
    "width": 8.7375755,
    "height": 8.7375755,
    "x": 51.016714,
    "y": 151.14133
  },
  "grid12": {
    "width": 8.7375755,
    "height": 8.7375755,
    "x": 51.016714,
    "y": 162.22191
  },
  "grid20": {
    "width": 8.7375755,
    "height": 8.7375755,
    "x": 51.016714,
    "y": 173.737163
  },
  "grid28": {
    "width": 8.7375755,
    "height": 8.7375755,
    "x": 51.016714,
    "y": 185.06342700000002
  },
  "grid36": {
    "width": 8.7375755,
    "height": 8.7375755,
    "x": 51.016714,
    "y": 196.238501
  },
  "stopclip4": {
    "width": 8.7375755,
    "height": 8.7375755,
    "x": 51.016714,
    "y": 208.953831
  },
  "grid5": {
    "width": 8.7375755,
    "height": 8.7375755,
    "x": 63.226714,
    "y": 151.14133
  },
  "grid13": {
    "width": 8.7375755,
    "height": 8.7375755,
    "x": 63.226714,
    "y": 162.22191
  },
  "grid21": {
    "width": 8.7375755,
    "height": 8.7375755,
    "x": 63.226714,
    "y": 173.737163
  },
  "grid29": {
    "width": 8.7375755,
    "height": 8.7375755,
    "x": 63.226714,
    "y": 185.06342700000002
  },
  "grid37": {
    "width": 8.7375755,
    "height": 8.7375755,
    "x": 63.226714,
    "y": 196.238501
  },
  "stopclip5": {
    "width": 8.7375755,
    "height": 8.7375755,
    "x": 63.226714,
    "y": 208.953831
  },
  "grid6": {
    "width": 8.7375755,
    "height": 8.7375755,
    "x": 75.436711,
    "y": 151.14133
  },
  "grid14": {
    "width": 8.7375755,
    "height": 8.7375755,
    "x": 75.436711,
    "y": 162.22191
  },
  "grid22": {
    "width": 8.7375755,
    "height": 8.7375755,
    "x": 75.436711,
    "y": 173.737163
  },
  "grid30": {
    "width": 8.7375755,
    "height": 8.7375755,
    "x": 75.436711,
    "y": 185.06342700000002
  },
  "grid38": {
    "width": 8.7375755,
    "height": 8.7375755,
    "x": 75.436711,
    "y": 196.238501
  },
  "stopclip6": {
    "width": 8.7375755,
    "height": 8.7375755,
    "x": 75.436711,
    "y": 208.953831
  },
  "grid7": {
    "width": 8.7375755,
    "height": 8.7375755,
    "x": 87.64671,
    "y": 151.14133
  },
  "grid15": {
    "width": 8.7375755,
    "height": 8.7375755,
    "x": 87.64671,
    "y": 162.22191
  },
  "grid23": {
    "width": 8.7375755,
    "height": 8.7375755,
    "x": 87.64671,
    "y": 173.737163
  },
  "grid31": {
    "width": 8.7375755,
    "height": 8.7375755,
    "x": 87.64671,
    "y": 185.06342700000002
  },
  "grid39": {
    "width": 8.7375755,
    "height": 8.7375755,
    "x": 87.64671,
    "y": 196.238501
  },
  "stopclip7": {
    "width": 8.7375755,
    "height": 8.7375755,
    "x": 87.64671,
    "y": 208.953831
  },
  "grid8": {
    "width": 8.7375755,
    "height": 8.7375755,
    "x": 99.85671,
    "y": 151.14133
  },
  "grid16": {
    "width": 8.7375755,
    "height": 8.7375755,
    "x": 99.85671,
    "y": 162.22191
  },
  "grid24": {
    "width": 8.7375755,
    "height": 8.7375755,
    "x": 99.85671,
    "y": 173.737163
  },
  "grid32": {
    "width": 8.7375755,
    "height": 8.7375755,
    "x": 99.85671,
    "y": 185.06342700000002
  },
  "grid40": {
    "width": 8.7375755,
    "height": 8.7375755,
    "x": 99.85671,
    "y": 196.238501
  },
  "stopclip8": {
    "width": 8.7375755,
    "height": 8.7375755,
    "x": 99.85671,
    "y": 208.953831
  },
  "scenelaunch1": {
    "width": 8.7375755,
    "height": 8.7375755,
    "x": 112.425855,
    "y": 151.14133
  },
  "scenelaunch2": {
    "width": 8.7375755,
    "height": 8.7375755,
    "x": 112.425855,
    "y": 162.22191
  },
  "scenelaunch3": {
    "width": 8.7375755,
    "height": 8.7375755,
    "x": 112.425855,
    "y": 173.737163
  },
  "scenelaunch4": {
    "width": 8.7375755,
    "height": 8.7375755,
    "x": 112.425855,
    "y": 185.06342700000002
  },
  "scenelaunch5": {
    "width": 8.7375755,
    "height": 8.7375755,
    "x": 112.425855,
    "y": 196.238501
  },
  "stopall": {
    "width": 8.7375755,
    "height": 8.7375755,
    "x": 112.425855,
    "y": 208.953831
  }
}