{"activator1":{"width":8.74433401464925,"height":4.555688247102465,"x":14.14147982,"y":236.81700999999998,"class":"activator"},"activator2":{"width":8.74433401464925,"height":4.555688247102465,"x":26.360923,"y":236.81700999999998,"class":"activator"},"activator3":{"width":8.74433401464925,"height":4.555688247102465,"x":38.580366,"y":236.81700999999998,"class":"activator"},"activator4":{"width":8.74433401464925,"height":4.555688247102465,"x":50.799809,"y":236.81700999999998,"class":"activator"},"activator5":{"width":8.74433401464925,"height":4.555688247102465,"x":63.019254000000004,"y":236.81700999999998,"class":"activator"},"activator6":{"width":8.74433401464925,"height":4.555688247102465,"x":75.238694,"y":236.81700999999998,"class":"activator"},"activator7":{"width":8.74433401464925,"height":4.555688247102465,"x":87.45813100000001,"y":236.81700999999998,"class":"activator"},"activator8":{"width":8.74433401464925,"height":4.555688247102465,"x":99.677587,"y":236.81700999999998,"class":"activator"},"solo1":{"width":8.74433401464925,"height":4.555688247102465,"x":14.17115502,"y":243.95910000000003,"class":"solo"},"solo2":{"width":8.74433401464925,"height":4.555688247102465,"x":26.390599,"y":243.95910000000003,"class":"solo"},"solo3":{"width":8.74433401464925,"height":4.555688247102465,"x":38.610042,"y":243.95910000000003,"class":"solo"},"solo4":{"width":8.74433401464925,"height":4.555688247102465,"x":50.829484,"y":243.95910000000003,"class":"solo"},"solo5":{"width":8.74433401464925,"height":4.555688247102465,"x":63.04893,"y":243.95910000000003,"class":"solo"},"solo6":{"width":8.74433401464925,"height":4.555688247102465,"x":75.268372,"y":243.95910000000003,"class":"solo"},"solo7":{"width":8.74433401464925,"height":4.555688247102465,"x":87.487812,"y":243.95910000000003,"class":"solo"},"solo8":{"width":8.74433401464925,"height":4.555688247102465,"x":99.70726,"y":243.95910000000003,"class":"solo"},"record1":{"width":8.74433401464925,"height":4.555688247102465,"x":14.17115502,"y":250.66818999999998,"class":"record"},"record2":{"width":8.74433401464925,"height":4.555688247102465,"x":26.390599,"y":250.66818999999998,"class":"record"},"record3":{"width":8.74433401464925,"height":4.555688247102465,"x":38.610042,"y":250.66818999999998,"class":"record"},"record4":{"width":8.74433401464925,"height":4.555688247102465,"x":50.829484,"y":250.66818999999998,"class":"record"},"record5":{"width":8.74433401464925,"height":4.555688247102465,"x":63.04893,"y":250.66818999999998,"class":"record"},"record6":{"width":8.74433401464925,"height":4.555688247102465,"x":75.26837,"y":250.66818999999998,"class":"record"},"record7":{"width":8.74433401464925,"height":4.555688247102465,"x":87.487807,"y":250.66818999999998,"class":"record"},"record8":{"width":8.74433401464925,"height":4.555688247102465,"x":99.707263,"y":250.66818999999998,"class":"record"}}