{"track1":{"width":8.739198067770351,"height":7.54343779339603,"x":14.256797670000001,"y":221.36661800000002},"track2":{"width":8.739198067770351,"height":7.54343779339603,"x":26.469064,"y":221.36661800000002},"track3":{"width":8.739198067770351,"height":7.54343779339603,"x":38.681329,"y":221.36661800000002},"track4":{"width":8.739198067770351,"height":7.54343779339603,"x":50.893596,"y":221.36661800000002},"track5":{"width":8.739198067770351,"height":7.54343779339603,"x":63.105863,"y":221.36661800000002},"track6":{"width":8.739198067770351,"height":7.54343779339603,"x":75.318127,"y":221.36661800000002},"track7":{"width":8.739198067770351,"height":7.54343779339603,"x":87.530392,"y":221.36661800000002},"track8":{"width":8.739198067770351,"height":7.54343779339603,"x":99.742661,"y":221.36661800000002},"trackmaster":{"width":8.739198067770351,"height":7.54343779339603,"x":112.314137,"y":221.36661800000002}}